PartNumber,
'1001',
'1021-2',
'1113001',
'202005',
'203002',
'2047',
'2048',
'2055',
'2060',
'2501',
'2502',
'2504',
'2548',
'2801',
'2805',
'3042F',
'3050',
'3055',
'35-4004',
'3501',
'3502',
'3503',
'3521',
'4048',
'4049',
'4051',
'4053',
'4056',
'4057',
'4060',
'4066',
'4073',
'4550',
'4551',
'5047',
'5053',
'5057',
'5501',
'6046',
'6047',
'6049',
'6051',
'6052',
'6054',
'6547',
'6548',
'6549',
'7010',
'7011',
'7542',
'7545',
'7547',
'7548',
'7549',
'8044',
'8045',
'9041',
'9501',
'9502',
'9503',
'9504',
'AD0231301',
'B35-5007',
'CH0101301',
'FR06211501',
'M4002C',
'TY0401301',
